Benign,Malicious
009D7E035C1A41CCEA8F4332506F3F65B14C673750C1FDB518FAD6886A22D931,03E4B7D80A9CB3C2169F2CF4BAD1EDFBE14D5A3EB5DFC7CAEEACB9A6557BAC23
013BD1B87581626CC5BDB185D22D4C36476CF30078AC617B02A855CB2E2DD533,7EB06AA2DF84855EE73AB3D9DBD4F5128C5C0C98ED3C31901DFC7568B34B7B34
054E1E67998AA305B1D4A9CD3F638A9E9CAD964DDF8F052B24B2C37E0C552D6E,8A705C9D314B94A5C86FB5F4B8DC64706F0378970D8B8E474AD63F284EE7836A
05667DDF242B81000B2D29946A63C1113162C8C72FF13B82464C123DA26C64A3,3FF73591AB3C0BD3D8271A3F5B5643154F3E4D6DFF7203FBFFF052AEA71BB9B1
083E11AB8280522404D62963B6118DE52D81333D8640C876244687FD1FEC065D,C9F77F0849974A41D6A35CB00E2A4274B4D4A3A5435A1A7CEAC645DC32805A03
0FC8664C3BE159A46811CF7192887A7190CB65B73F6B9E6D95B891378F2196B1,3617D1E16767606A8059054E556FAB99281B60C2C428A79212D606AB0E91B98C
10EDA742FB707DC442217D942923EAFA7140E83C4C2C04F477A8EA5368285FE5,CCEA2DAAEE5D9EF65876B8B1E7AED79454CD7E501F291ED2ACA0E4973FF1075F
19B1E780FA2934ABC1E968248BD4F7E0124A8D2CF4AA86CFDA19F67DDBCF94D7,C454A81A1481BC85DBF579E01DB3BB13ECD4C6AB2C2F177B9D87B9BD51010979
1A6D101EB95BA9F91DA88B27CFD55713386B4479E59A8AB63A8913A2FBEAF13D,22BCBCE8C7810EC9E92DFC64025D26FA1DCEA81632B7DABF92910D2901E348CF
1B104A74097BB885FD18695BBAAA7FD2896E077392C88009BDBB89059C1F2392,46923DF62CF5B08670EC2E2AA979ECC23D66476E131D4C2F1BBF53C18E86EEC6
1B711580F7F41814467446BCA0FE2088F5728DF27794ED4DA2F6B5046D08572A,BB602F10C5B6BCA72570E572B1AEF22AE0364930016B94888B4B25F5A9A5D3FF
1C3E7C85DBEE8CD1293814356F5704AC02FB30D10187F7042C5083C5098EB48E,D22BF24BD9CC27D8EAF4D7F5F0A1AB00418038798F947D779DCAB63CFDDAD566
1D87BE8574AD949E1C2A2D1FFF6CF5D47A502F0AC43101C9ABDE280CC30A88F8,2554832478D000C4836F508A41783E40888F6999486108FFDD4C12F93A8C8853
1E80E7B224D79E74A3EAB0EC03CE4177A8D2E837DACE394FEAFAF18150009713,4B146AA4FD45E2491A93C4B48801EC147BA0A5ED2AF7ABEE9C2F58BC798C5EC1
1F1DDB0D06F4A0753C9389C9A16B1B13925C497729C9E9D66C44824C4798A639,ADC32D86A5D4785BA15FAFCA79AB1A4078BD5FED5E973222268C539F6B50AFE6
23480B1F2E2EBF81CA14A367CC6447D4B97A01E3B734A2080A22EAA669FB88E5,0A00988A824B3582FA58C2E76FC2352D4E91CED9C9987042113F602D53D25B0E
2464882EB4E1932BD490B2E0E58C4350036AF6D78CB429F548BC1E589C5EC1D5,86A34754D9A80B8483067DF420E107AC8BC4BEE0E2B2BC7B29A287730F5A153C
24956C7D5C895C0B41A69EF3A727519F8FCAAFB526FCD13AD29FDB67DB7B0BB9,8FF6FD070D2ECFF9F8EEDD32C7BDFB21E3B8BA480A7C44939EACE06BC909F5C2
2528FC8BB788005AE524BCCD2738B380066BD38ABAF4D1388410D39E7DF8B4B8,6E84F130A315A5CDCA428ABE9224759622DE3D36591CB3981849C76DDC111828
268ACDFDAB9F6F187640789D5849CE53E810AD9A30EC67E1033403E198C4B7F5,3B84803142BFA6DB2BC325F8BE61B388B58DE48517836417203C526447303B4B
26D97DA55404AE77C352322EFDBAE62F9796F99A335C048D71022B9F0FF755BB,CEBBBDAAC71F31619BFAF9BE9F0F13FFBED47285EC2D0F336354F9CEFDED1983
27B7B15409FDEFC728AE43C444EA0647A61AA3352B5999FA7DC9D98C18F96827,BF2CEE975F95856A79757A54788DBA887B373C94046BE81EC338BCD34B830836
2CF85A80CFAE6AA402CFD860A00BEE7EF9EA697DDFB0CA88F74F17A2A63B0199,5A56803C6ABC55312B858984E8A2139E4C9F413698D01A692941595F0B7F4829
30D7F8D4F1F63E5F33EBBEDC0A3E68CCAC221D19466F4ACB5BBF5701806AAAFF,01C1011ACDAC7A9CF40231626B5C4F556FC8EC92A173F3B87897CEBE70BEB883
330721D3885EC6F55051D328E28399379BFAA55632C0B78476FE8EAB29CEDB35,9B2D970A9793E49EF92DD5C70641D793490C831420E0BFD68AB19740179CCC58
334ED0AAE6E5F615213DA520A76579FB091B1CE00CA36F5D3CA2AE2A5D5D5009,D774433DBA16C33AA2798C7167955F415D6648DCA413A94E50E1B0179E4B0A66
34A68DD3A89F62894D45DBE134E403D97BF76360DEFC507BB1BABEDC9B0D120F,C7BDA923E483C9498EC16BAF0FB34614C8A06F3390D05A438E1EA632F2DD0515
353A67299B1DE7E9AC3831020B6F0065172287F8B7C9DB99860552F93C22A74A,216CFE2B3FA445495D754773A2E4D06F7BE66D09E410B30ECA84FE875A00C170
35C23CD66B10959BF79501DAA7E7ADD06DC2FDBE8FEBC68FC7D4AAD623CA0B35,77C591664485427287535C8BE4CAA67AACE75342AA48766C720189301603C680
3F70A9C6EE7F32B87FE7C26A0B9AB3E969A36C8A0ED3B4B54BE54F32C8CC6FE3,DBF52403855BEB084EC6D38BD93318CCA927302BFFCA904B77682FDE267E6210
3FCA7AC2ED1C542BAA476A4071DEA24E5AED3FA5C1D18D9CACF5337F3F10386C,B8510B58474093BDCC8DB1ECADFF7373CA9B024ABB2529FA308760A7AB3A1487
4024E2B51AB3356C2E7F357472247CFC40E21A233AAED5879AE02E12CE74CB0C,802405B197A1A4C4635633C5EDE07F2325FE72741E0C4BD2E9604E30E241FBC5
41CD138B96A8760A60E36AEAC076113E64F0E4FC4DC5950B3D669712DF259E86,D9FFC46384AD8D8ADDE640DB89A6101CD4C2ACA7AE618AC3898119FB3F8098C2
455D7C6156172677962BF1D85FFD54091690EE01DEBAFA3330A3630414750976,89AB2F26037AE77408870F2AB4EE6B6A31D1BFAD5EE463C82AA0524E02A2E399
479524F88939A67F8DDD7A4235A26E6228A81FA56A00666795E439B00B41F1F8,C42B95620CAAAE1C03DFE1F2C756A3583CD0731D8522EE3275E9196DB8027753
4928D13B94CF174B290515A96D477ACD9607C25AA26B6D7E5535CE6FD23D1FCA,1C47A590F197004CA767FE6605F77101D5CBAC57F7022849367FFDF9CF206FAD
4A9246E4D7C054563187716BF66918843837EA27D56EAFF3D01724A4BF42A8DE,DFE187680B20DD5119F08EDA71A317FC45139382CEE1466F21C3623C5F5A127D
4AC10BE63196250A0EC9F75185177731A5DD9FAC972B9A1E42103B4C314F64DC,C96BDB5942413D50FC40FDB7100E94A2C8EF4A6CB6A855B80BC7F7F6868CDEF7
4B88A4A22C458B4DA7E4E4781847C277D9D58CA08B4D57C0A50B6B51591E5B53,7ABDDED877DE061FF5746931EE70FB9118F8A6CE6555C46A99438B601E6C79EC
4B94B568839B873F6220C9A516D080B74A0925D62AD577218BECBEA4DAF0E707,D2070E7540DEEEB1A48243EE55BAEDCB3B4C5F8EF2F30958E8F9039507518C49
5E974FDE7DBAF5DF2B6BE48272991F31C6C6B6ACBD70C4295F0805462B76DA82,2C7FD0C6612B20A767FF3A371CB0F91DFE5CC47813FB7E887060AB579EFB8E39
6593F43C482A65025768AE80DE523115C5446D11964F9C46BCEBD4EBC4E01E79,E1C2BA4B70E3616854C1C949BAB68D9C9EA3D695C5C6F09263B42FEDB83041F9
685F5CF0B0A6D11930B736D5407F52709FB6D6ED788C1F010F19D018292AD77D,3F0880FFBF4F6460C88CBCDEAD1C756A91777E16DA81B856F2395F44CD644B33
69AA48CAA0D324455E0F3B8F98686386639445BA2F947211AA73B25244044F65,8503D0964BAFD4A24C7E91292E256B354040A21BC3300D641A3236D080DDB66A
6B619169A296ED3F388AB1FE0196B40922AE7101A7933B6CECB74949ECBDD6CB,9F75AB9C9E77CC78803DA994398D35D62BB0AA884921AE31E0481AB73CAF5FF0
6C8A5B1FF6B22F522A0D22DD42A1CF6769722B47B41B8293AC58D6709467A0C8,9F7FDE7B3D0A03654179FBA3477B063699D718B2484154C95077CE584CCD10B9
72ACC63208C5518BDF8E745BCA1B264866D27704D0B0CA89559CBE593A0D840A,2EF09ACA1B3A4ACBFB2C33EF14D5EF06150BF88662B35A90F98A74ACCABAF6BE
733D4B44E103D8865CF6FEF37D98A184A5252E1142BAB81CC93B698E1F08C070,1F43FBB007383059EF236A5E6A5793FDD656130009F7A880A4E420F9EFA14AE7
75E6D38D05B0D27404863BB9B32DA36DC31BE2F6A3FE03D04216E70D58D79C72,61A821BFC736D682D560339E05923437F90A66B1ADF95E26D112F693D65B8131
762C68FC46EC15B81812C2ADC52DA09DCD5BCD923ED52B402A76DFA291F45BB2,2AAAEAC224701E7537D728C4DE6A06F8103EDDEE89ADB0989833A27F3ED95907
78CFE5A6E2ABCF723F5C077714F56B1E77000B7204AF3589A6F99A1FFFD2631D,CA8BB2A18417B5F6BDAE9BEE239FE10BC9845A5108B2B8CF1D3707FA49B5CED1
7D6764449ED1A4CD16BA02D1C889E30491BD71DB99CB92EC20CFD7E622011B55,8CD4179BD127AA92B8CE0126B25DD106B37D269320ABDA679E1A82BFA7BC16A2
7F3CA999DF536604EA27AD1C15FCF0827146964C26C9C035D21C22620BFFFDB8,86655F2820E91F2B2AF43439E4DCDE6DCA80EE880380AE2C894B884AD7F18FA5
7F62AB1C9894BAD049A2E8A05B29B25CEA9B6108952514C773500BFFD76C1D95,53F3F346C72292EEBBBCD979377C7A3A086007F074ED53F46828C597FDFC53F6
81091F430A6D82CE4FC51DD09D42E91DA246EC89053B79752A483C482DD33D45,3EB5D250E17A2A3BBEA914C5C4B7DE0CE94EED936EC4158F417D65CF75E26696
8286E9A7DD8E90851E9EA898E510C68E8BF966E8AD89558D652483F4D095B8FE,BC61AF4B4B1F9E6DDE8B1040B06761DE1A90D7DC651E225EAD4D3EF8E262011B
876BD61DF420E1473EDF1A63FB762F3BCD910B79086F34FF777046CCE44369E1,6E9F2EF85B1DD53E602BC29B2F13A8AB6E342990CBC7B75EA5A7350D99FE3864
88B1333AB570071C4A6BF68C68EB16A552AEB7436BE31B6BA852EFE697385F97,1C2D30B622746AD19B495CA1E28D3B3DC7F0ADE684E120D395AE83E821E5BB88
88EDB828BD786F95AEBBD314F6A272764E7AE8374D0CD3EA543B0709D928CD92,92AA70538DCEDC3D20E553FBA881A9CDFF9A7CA442F297EDC84356D41210FC56
893E4CB68E8C2610FCA249111D9F5E5F3C8C67D7F733047E2E2FB4E5754454C5,48214F2D1AB1509DB9BF379861C00CD8026E060E4A872C13813C8724262DC4F1
8B1E57EEDC39E8AF15ED49FD3C5D25F3866E6F9F0873AD7CBBABA8912CCD3C06,0BD4FFCCD00AB5CDFB4239FD0F2E8A49B43E97A6ACA37562AC84CA08F1ADBBDF
8BB2570E5FE9CBA3021C04DB6334558A49FDC55885C4A32E92C2369F9ACC697B,1D239AC5886F9A6C321F0CD520E5CF507D7BD97B72AEEC0A3A93F2CE1AF19F66
8DCA4433C10BD0EC6884864B6BDF06C40E225C9D33D6B45E70685303927225CF,43BEA394D0C1926023D552D296FEBAF61B32B66115CCC3574DF3648A3C2747F4
8E4BE8983DB5021EB3857749D71E47A465AA79A4DC207D1FBB085C63CDF679CC,1C537B05F4030982F9BE77896BB69F6CD6E39A4547E5D2C399D27B20E09CD84A
8EBB4258C50DA7F8737F7DDB725E4F062D48D7607AB313EEB096F91EA72A74DE,D0590B2F405A44B4252FA128FEAC026BAF94BF8DCB4D1B3A77E6BEA8FC7A2729
9374A9EA721DD8C3F2C80A66D73A2BF093D126A18B4F011D10E888B5D30CBE11,C8B3808292A61899B8BCC02A55E665655F678F2B923F206FA502144ACB2F2498
937D8AD28B0D6026B5676EFBEB2D4BD0ACEF092C6D76053D2FB5419C76F435FF,D40C209A276F2ED51B08C066A9AEF98A2BE2C1E752FF36996015DB8E24A0D9F6
9660CDF9073CB9F55E55BA0A95EAF94424431EF89A7F7251F422C010EF53A017,45A5E64CCC381527CD5306FFB8E0B1BF9E99F3C27051F3D57EE5B0AA5322C0E5
9AFFBA4ABC766C918C394E9495CF9A83D90134888D342F360E1C1589C6B0CADB,3302A79051F7FFE20D56CE94D0DE0041E1F7217F6CE976DCEBB7093954B74BD8
9BA74E2C15E8F6B3D99B36C01BA9E801C8BE8A2942ED7D44A12CC576D51900DD,6A2505A2B66A3D8031FB32F3982F4E5346361E4AE5E5879756DFD48856204E85
A13B20EA64AFCDA2888F8AE6ECD6AB26342C4A827A7835F902827047B6C3A4A3,8F1F970596D1DD897E31E8B8C3FB173B158F95CC1174B3B40632770AE5D5F7FB
A3CF7F4ED9D4BF9BAA0BC24723E655E7B08CADA054BBBDC60DC46D13C6DC6FBD,A57AB7B618F0D815D9AABB2688147BC97A73E5DF38CC125738E9A28F286834C3
A4700D4E61E4F2D8035BFB616A668B3993A1C3638239065D9368D6E7DA746F12,9B8010FF3755C2C008FBFE2304E7E4B5D39AB9788A3E4EE345A1C111265F42E9
A6BF87DAF03A393FA59FBDC0FBE5624FDEA7FEF2617E3D9AE54BA4CAB1DDEF5E,5DFCB749152E5FE3932909D2071D1D2575E1DC71225C27D61BE453CEBB222510
AB2F74DCE4D133C8AB7D63DFB085E136A3EECD8BE02D037DFDA4662D43C5735C,9206DB87EB97A43429E181A1CA5FD568AE2211255682A2D959CBE460882AFB37
AC5A648F7103E05DDD2C9E47B2CAEE849FE39FB011C32F95C0B02C2BD068A38C,92FCE0663DF69322D1B2B5D18258E6DF515A12ECCA2F13F86013A812C2122F07
ACFDF7692C6246568C5CA46EF7801916C38AEAE43E068B189830A9450AB47B2F,3D236B2A21DB5BB5D704A6A55B4A49F145EECE8F5FBF1825D8B0E31FB1E0EF20
B2BA92F966D68D468C3D1CC9865B551156EEF42260BC46C9714CA6E3D0D8CC3D,A7EE14E6D38FCF58ECB8A774955E28890E6486CA4B59D1F633AC8FF0A5D7ECA6
B33B42B13EC0C076D759FA9FCF015B34C0787E58E110F87406FC31CC5D99B96E,C542BBC89667062BDD8884E94F1BC43F47E5D4A6C3F382509A75E6B299BCCF94
B784B1451C70508F0388B5031A6D6B72F4AEE4EDEAC9178BB26650139D851DED,37B4CF755480F1B55E6140DB3A2CDB11CCB3771FEE1D001F79EE32B70FB28120
B9EB293313E272E7DC8C202D2561CB152A70318FA25768C6DFF2A6D3F300EBA5,0783788FD9B100136F336E3026C0126A0FFAA5064C68F020D4CDF7A6462C4ABF
BCA240132F73FB1965DEB6547EC5887077238C7BD431B3AFA516A5309E704ADA,A287546C13492798F5903EAB3EC0D648A23CAE795C05274A74674EADD7214AF9
C06D8F084C95407F8637B1126AFEEA7B55C4D652CE6915E2251942F1B518142C,C1CB5E292BEB223CAF63226622CDD044BDF586C4C730EFFC31FB2B7B2F53C9D1
C11C411C3BE3FB59250DFD525AE49F2B931BFEEED9C85B45D1EFB075331FB581,47618CC9EDE3CD0F28AD6482BA7B0E6609279DFBEAF336F3F0E0D2B598148184
C551C088CD78F8515E9166F47CFE5C54F9B5D1D2A5D0A78D220696449AC342BA,89F63C6DFA556087D29B390C875BCC7CB85BA1863E6938AA7FF991FA4496B84B
C85108609A0C8F00BF574365EB3A507EA8B9F4736BD11DD8CBDEB724CEAC860F,B50AB10475662C6CE87211984066534A5C3A1F65E666A3EE27AE56C6313F393A
C855893D5231540B18997609825E488F1D3CFE3E9CF22E26A821E49E229A850A,8285337EFEF19C7B80ED5AA1CF11F45922A17C0E6CA26572D252D167447B83FA
C8BA1039132D83216B6A0B5851972FAAB8DA7B77682407FCBA1D245DAC556112,BF1F776AFC5976EB354E9EC0839C9D6F1521C539859C916DEC5591CE9D365F8F
C8E75DFCEE610FCD1DE3FD81BC897F3266B3C79B0E495835CEE503ADEBF71ABC,D0399869E5B3EFF4670D6C1DEE1398ADD411B178E98020A6A95F3FBFB0C3C1E8
CB8EA44DFDB3F27B8DC245F568B1E295E497D5D1573EF27AB2E8311B02F9EE3C,BD570C0F3268F0659F04BD6AA6C9E41DF1EC69F906AEF858E3A717B943B575B3
CC77DBBE6A567F682FD5307D8E74B4EB7E028A83B82C6A1E38079DEA76CF1AC7,92FC9F43E4223C49502765583E42BAD3C59059637371EEDA1D03DC9739B1DCE3
CC7EA610F55254C13F38709569EA9E57A202B9CA2C6171672A5E673305069E24,4AF75669FF2E26EB26A62DDE3F864FD296D0656FE4B6823024EFDF6530A54534
CDE79A8F713CF1A10E35D317ED6996BEDBEA473647E2CEC5D7ADBBDE3BD27515,5458E2FC42B2B7DAEA8BC97B62C580171D9A64B0C5C9BCB42A44869EE3ECC984
CDFFC5E5D6E8D0064B5873EECCBB637325C294E396E036F6BA36F0F4518E5262,817B27D87897913DD536DB18276BC15A45BD5001B6C4F355E97D83DC1461D2AD
CFDFE09E82478B54108C11F9A8D3C144B8BDE99C3D00E0DE6A66AEDC8C574A7A,21C1C83B2CCA9CA8DE0CE57A3D5DA5BC07D5414D10B60C4C20C6EEA4D5277347
D03D0437E014FCEC8560C41F6565E64A9537E332ED1F2325642FE4DB39BA1F6F,2FD24702BAC1EED33EDCC85A2846738E0A6C869D1B40719F2399CC3EDE6C56D5
D06E3F5B2D5DBDFEB030FD70E62470BD7992B054F135400AE86B4B86F73FDC6F,A8CCEE54F43F2A244699EFFFCCC4A9E4A9ADBF9CE73171AB6FD034B6E990C354
D071652EBF545CBE1DE98E1AB0A47457060B8804A1CF2F1BF502B42F68C64C98,1D996C5462DB7F58C4F80C395FD1480D18A119B85DBF4CCC8F77200F392E0B20
D36213FD7CA96865647BC0AAB07A7664CD5428C4B6C20FC36B30A72DCD554AF0,2875570F5F00B29A4CD9BB8F33FDFB93EF97063DA532DB6A9A9E195960926D35
D4702B44ADBBC14415857E526DB8D252F99CD4A2CB8927981F011BCF700FF235,C08786A8670D303AD2B6CB6CABD23C7828DDD66C3BDC2AEB635C9CC9118A771A
D4703192836F76C1AB44C692BE1A8231BB97E5D0365B82F3C99478651EA56215,276DC8013A631D7A3368F9F264C42C1EE64B928DF3FBD535EB962E738A1BD423
D87EF9BC6DFAF5F4521C6BD2CE702BF56C66B19150B45358BC94D67AB28111BD,73CAE12E86EF62ECB1B8A0C1535995EB0915396A1ADFB7B2D145B528205C9296
